Store ID,Store Name,FY,Item Key,Item Code / SKU,Item Name,Category / Size / Type,Sales Date,Sales Month,Sales Quantity,Selling Price,Sales Amount,Invoice Number,Customer Name,Unit,Source Row Number,Source File Name
STORE-0001,Vay Incorporates,22-23,VAY BAND 30034MT,VAY BAND 30034MT,VAY BAND 30034MT,,2023-03-01,2023-03,50.0,0.0,275.54,1.0,,,2,ITEM WISE SALE 22-23.csv
STORE-0001,Vay Incorporates,22-23,VAY BAND 30054MT,VAY BAND 30054MT,VAY BAND 30054MT,,2023-03-01,2023-03,50.0,0.0,275.54,1.0,,,3,ITEM WISE SALE 22-23.csv
STORE-0001,Vay Incorporates,22-23,VAY BAND 30167MT,VAY BAND 30167MT,VAY BAND 30167MT,,2023-03-01,2023-03,50.0,0.0,275.54,1.0,,,4,ITEM WISE SALE 22-23.csv
STORE-0001,Vay Incorporates,22-23,VAY BAND 30181MT,VAY BAND 30181MT,VAY BAND 30181MT,,2023-03-01,2023-03,50.0,0.0,275.54,1.0,,,5,ITEM WISE SALE 22-23.csv
STORE-0001,Vay Incorporates,22-23,VAY BAND 30216MT,VAY BAND 30216MT,VAY BAND 30216MT,,2023-03-01,2023-03,50.0,0.0,275.54,1.0,,,6,ITEM WISE SALE 22-23.csv
STORE-0001,Vay Incorporates,22-23,VAY BAND 5063MT,VAY BAND 5063MT,VAY BAND 5063MT,,2023-03-01,2023-03,150.0,0.0,826.58,1.0,,,7,ITEM WISE SALE 22-23.csv
STORE-0001,Vay Incorporates,22-23,VAY BAND 5095MT,VAY BAND 5095MT,VAY BAND 5095MT,,2023-03-01,2023-03,50.0,0.0,275.54,1.0,,,8,ITEM WISE SALE 22-23.csv
STORE-0001,Vay Incorporates,22-23,VAY BAND 5171MT,VAY BAND 5171MT,VAY BAND 5171MT,,2023-03-01,2023-03,300.0,0.0,1653.18,1.0,,,9,ITEM WISE SALE 22-23.csv
STORE-0001,Vay Incorporates,22-23,VAY BAND 5373MT,VAY BAND 5373MT,VAY BAND 5373MT,,2023-03-01,2023-03,50.0,0.0,275.54,1.0,,,10,ITEM WISE SALE 22-23.csv
STORE-0001,Vay Incorporates,22-23,VAY BAND 5465MT,VAY BAND 5465MT,VAY BAND 5465MT,,2023-03-01,2023-03,50.0,0.0,275.54,1.0,,,11,ITEM WISE SALE 22-23.csv
STORE-0001,Vay Incorporates,22-23,VAY BAND 5550MT,VAY BAND 5550MT,VAY BAND 5550MT,,2023-03-01,2023-03,150.0,0.0,826.58,1.0,,,12,ITEM WISE SALE 22-23.csv
STORE-0001,Vay Incorporates,22-23,VAY BAND 30054MT,VAY BAND 30054MT,VAY BAND 30054MT,,2023-03-01,2023-03,150.0,0.0,826.58,2.0,,,13,ITEM WISE SALE 22-23.csv
STORE-0001,Vay Incorporates,22-23,VAY BAND 5063MT,VAY BAND 5063MT,VAY BAND 5063MT,,2023-03-01,2023-03,50.0,0.0,275.54,2.0,,,14,ITEM WISE SALE 22-23.csv
STORE-0001,Vay Incorporates,22-23,VAY BAND 5465MT,VAY BAND 5465MT,VAY BAND 5465MT,,2023-03-01,2023-03,150.0,0.0,826.58,2.0,,,15,ITEM WISE SALE 22-23.csv
STORE-0001,Vay Incorporates,22-23,VAY BAND 5550MT,VAY BAND 5550MT,VAY BAND 5550MT,,2023-03-03,2023-03,250.0,0.0,1377.66,3.0,,,16,ITEM WISE SALE 22-23.csv
STORE-0001,Vay Incorporates,22-23,VAY BAND 1113HG(OFF-WHITE),VAY BAND 1113HG(OFF-WHITE),VAY BAND 1113HG(OFF-WHITE),,2023-03-04,2023-03,1000.0,0.0,9000.46,4.0,,,17,ITEM WISE SALE 22-23.csv
STORE-0001,Vay Incorporates,22-23,VAY BAND 5095MT,VAY BAND 5095MT,VAY BAND 5095MT,,2023-03-07,2023-03,50.0,0.0,270.22,5.0,,,18,ITEM WISE SALE 22-23.csv
STORE-0001,Vay Incorporates,22-23,VAY BAND 30029MT,VAY BAND 30029MT,VAY BAND 30029MT,,2023-03-07,2023-03,50.0,0.0,274.94,6.0,,,19,ITEM WISE SALE 22-23.csv
STORE-0001,Vay Incorporates,22-23,VAY BAND 30034MT,VAY BAND 30034MT,VAY BAND 30034MT,,2023-03-07,2023-03,50.0,0.0,274.94,6.0,,,20,ITEM WISE SALE 22-23.csv
STORE-0001,Vay Incorporates,22-23,VAY BAND 30181MT,VAY BAND 30181MT,VAY BAND 30181MT,,2023-03-07,2023-03,50.0,0.0,274.94,6.0,,,21,ITEM WISE SALE 22-23.csv
STORE-0001,Vay Incorporates,22-23,VAY BAND 30216MT,VAY BAND 30216MT,VAY BAND 30216MT,,2023-03-07,2023-03,50.0,0.0,274.94,6.0,,,22,ITEM WISE SALE 22-23.csv
STORE-0001,Vay Incorporates,22-23,VAY BAND 5170MT,VAY BAND 5170MT,VAY BAND 5170MT,,2023-03-07,2023-03,50.0,0.0,274.94,6.0,,,23,ITEM WISE SALE 22-23.csv
STORE-0001,Vay Incorporates,22-23,VAY BAND 5171MT,VAY BAND 5171MT,VAY BAND 5171MT,,2023-03-07,2023-03,50.0,0.0,274.94,6.0,,,24,ITEM WISE SALE 22-23.csv
STORE-0001,Vay Incorporates,22-23,POLYFIX DE-BONDER 100ML,POLYFIX DE-BONDER 100ML,POLYFIX DE-BONDER 100ML,,2023-03-09,2023-03,1.0,0.0,272.01,7.0,,,25,ITEM WISE SALE 22-23.csv
STORE-0001,Vay Incorporates,22-23,POLYFIX-FLX 20GM,POLYFIX-FLX 20GM,POLYFIX-FLX 20GM,,2023-03-09,2023-03,100.0,0.0,3209.6,7.0,,,26,ITEM WISE SALE 22-23.csv
STORE-0001,Vay Incorporates,22-23,POLYFIX-FLX 50GM,POLYFIX-FLX 50GM,POLYFIX-FLX 50GM,,2023-03-09,2023-03,40.0,0.0,3139.74,7.0,,,27,ITEM WISE SALE 22-23.csv
STORE-0001,Vay Incorporates,22-23,WOODSEAL 20GM,WOODSEAL 20GM,WOODSEAL 20GM,,2023-03-09,2023-03,100.0,0.0,3700.48,7.0,,,28,ITEM WISE SALE 22-23.csv
STORE-0001,Vay Incorporates,22-23,WOODSEAL 50GM,WOODSEAL 50GM,WOODSEAL 50GM,,2023-03-09,2023-03,40.0,0.0,3520.18,7.0,,,29,ITEM WISE SALE 22-23.csv
STORE-0001,Vay Incorporates,22-23,WPC GLUE 600GM,WPC GLUE 600GM,WPC GLUE 600GM,,2023-03-09,2023-03,1.0,0.0,944.0,7.0,,,30,ITEM WISE SALE 22-23.csv
STORE-0001,Vay Incorporates,22-23,VAY BAND 30167MT,VAY BAND 30167MT,VAY BAND 30167MT,,2023-03-10,2023-03,150.0,0.0,824.82,8.0,,,31,ITEM WISE SALE 22-23.csv
STORE-0001,Vay Incorporates,22-23,VAY BAND 1011MT(P-WHITE),VAY BAND 1011MT(P-WHITE),VAY BAND 1011MT(P-WHITE),,2023-03-10,2023-03,50.0,0.0,274.94,9.0,,,32,ITEM WISE SALE 22-23.csv
STORE-0001,Vay Incorporates,22-23,VAY BAND 1113MT(OFF-WHITE),VAY BAND 1113MT(OFF-WHITE),VAY BAND 1113MT(OFF-WHITE),,2023-03-10,2023-03,50.0,0.0,274.94,9.0,,,33,ITEM WISE SALE 22-23.csv
STORE-0001,Vay Incorporates,22-23,VAY BAND 30007MT,VAY BAND 30007MT,VAY BAND 30007MT,,2023-03-10,2023-03,50.0,0.0,274.94,9.0,,,34,ITEM WISE SALE 22-23.csv
STORE-0001,Vay Incorporates,22-23,VAY BAND 30086MT,VAY BAND 30086MT,VAY BAND 30086MT,,2023-03-10,2023-03,50.0,0.0,274.94,9.0,,,35,ITEM WISE SALE 22-23.csv
STORE-0001,Vay Incorporates,22-23,VAY BAND 30167MT,VAY BAND 30167MT,VAY BAND 30167MT,,2023-03-10,2023-03,50.0,0.0,274.94,9.0,,,36,ITEM WISE SALE 22-23.csv
STORE-0001,Vay Incorporates,22-23,VAY BAND 5095MT,VAY BAND 5095MT,VAY BAND 5095MT,,2023-03-10,2023-03,50.0,0.0,274.94,9.0,,,37,ITEM WISE SALE 22-23.csv
STORE-0001,Vay Incorporates,22-23,VAY BAND 5170MT,VAY BAND 5170MT,VAY BAND 5170MT,,2023-03-10,2023-03,50.0,0.0,274.94,9.0,,,38,ITEM WISE SALE 22-23.csv
STORE-0001,Vay Incorporates,22-23,VAY BAND 5373MT,VAY BAND 5373MT,VAY BAND 5373MT,,2023-03-10,2023-03,50.0,0.0,274.94,9.0,,,39,ITEM WISE SALE 22-23.csv
STORE-0001,Vay Incorporates,22-23,VAY BAND 5550MT,VAY BAND 5550MT,VAY BAND 5550MT,,2023-03-10,2023-03,50.0,0.0,274.94,9.0,,,40,ITEM WISE SALE 22-23.csv
STORE-0001,Vay Incorporates,22-23,POLYFIX-FLX 20GM,POLYFIX-FLX 20GM,POLYFIX-FLX 20GM,,2023-03-10,2023-03,25.0,0.0,802.4,10.0,,,41,ITEM WISE SALE 22-23.csv
STORE-0001,Vay Incorporates,22-23,POLYFIX-FLX 50GM,POLYFIX-FLX 50GM,POLYFIX-FLX 50GM,,2023-03-10,2023-03,20.0,0.0,1569.88,10.0,,,42,ITEM WISE SALE 22-23.csv
STORE-0001,Vay Incorporates,22-23,WOODSEAL 20GM,WOODSEAL 20GM,WOODSEAL 20GM,,2023-03-10,2023-03,25.0,0.0,925.12,10.0,,,43,ITEM WISE SALE 22-23.csv
STORE-0001,Vay Incorporates,22-23,WOODSEAL 50GM,WOODSEAL 50GM,WOODSEAL 50GM,,2023-03-10,2023-03,20.0,0.0,1760.08,10.0,,,44,ITEM WISE SALE 22-23.csv
STORE-0001,Vay Incorporates,22-23,POLYFIX-FLX 20GM,POLYFIX-FLX 20GM,POLYFIX-FLX 20GM,,2023-03-10,2023-03,25.0,0.0,802.4,11.0,,,45,ITEM WISE SALE 22-23.csv
STORE-0001,Vay Incorporates,22-23,POLYFIX-FLX 50GM,POLYFIX-FLX 50GM,POLYFIX-FLX 50GM,,2023-03-10,2023-03,20.0,0.0,1569.88,11.0,,,46,ITEM WISE SALE 22-23.csv
STORE-0001,Vay Incorporates,22-23,VAY BAND 1011HG(P-WHITE),VAY BAND 1011HG(P-WHITE),VAY BAND 1011HG(P-WHITE),,2023-03-10,2023-03,250.0,0.0,2250.86,11.0,,,47,ITEM WISE SALE 22-23.csv
STORE-0001,Vay Incorporates,22-23,WOODSEAL 20GM,WOODSEAL 20GM,WOODSEAL 20GM,,2023-03-10,2023-03,25.0,0.0,925.12,11.0,,,48,ITEM WISE SALE 22-23.csv
STORE-0001,Vay Incorporates,22-23,WOODSEAL 50GM,WOODSEAL 50GM,WOODSEAL 50GM,,2023-03-10,2023-03,20.0,0.0,1760.08,11.0,,,49,ITEM WISE SALE 22-23.csv
STORE-0001,Vay Incorporates,22-23,VAY BAND 5170MT,VAY BAND 5170MT,VAY BAND 5170MT,,2023-03-10,2023-03,200.0,0.0,1099.76,12.0,,,50,ITEM WISE SALE 22-23.csv
STORE-0001,Vay Incorporates,22-23,VAY BAND 5373MT,VAY BAND 5373MT,VAY BAND 5373MT,,2023-03-10,2023-03,200.0,0.0,1099.76,12.0,,,51,ITEM WISE SALE 22-23.csv
STORE-0001,Vay Incorporates,22-23,VAY BAND 1011MT(P-WHITE),VAY BAND 1011MT(P-WHITE),VAY BAND 1011MT(P-WHITE),,2023-03-11,2023-03,100.0,0.0,549.88,13.0,,,52,ITEM WISE SALE 22-23.csv
STORE-0001,Vay Incorporates,22-23,VAY BAND 1113MT(OFF-WHITE),VAY BAND 1113MT(OFF-WHITE),VAY BAND 1113MT(OFF-WHITE),,2023-03-11,2023-03,50.0,0.0,274.94,13.0,,,53,ITEM WISE SALE 22-23.csv
STORE-0001,Vay Incorporates,22-23,VAY BAND REALWOOD LIGHT MAT,VAY BAND REALWOOD LIGHT MAT,VAY BAND REALWOOD LIGHT MAT,,2023-03-11,2023-03,200.0,0.0,1099.76,13.0,,,54,ITEM WISE SALE 22-23.csv
STORE-0001,Vay Incorporates,22-23,VAY BAND REALWOOD LIGHT MAT,VAY BAND REALWOOD LIGHT MAT,VAY BAND REALWOOD LIGHT MAT,,2023-03-11,2023-03,500.0,0.0,2750.58,14.0,,,55,ITEM WISE SALE 22-23.csv
STORE-0001,Vay Incorporates,22-23,VAY BAND 30007MT,VAY BAND 30007MT,VAY BAND 30007MT,,2023-03-13,2023-03,250.0,0.0,1374.7,15.0,,,56,ITEM WISE SALE 22-23.csv
STORE-0001,Vay Incorporates,22-23,VAY BAND 30029MT,VAY BAND 30029MT,VAY BAND 30029MT,,2023-03-13,2023-03,250.0,0.0,1374.7,15.0,,,57,ITEM WISE SALE 22-23.csv
STORE-0001,Vay Incorporates,22-23,VAY BAND 30034MT,VAY BAND 30034MT,VAY BAND 30034MT,,2023-03-13,2023-03,250.0,0.0,1374.7,15.0,,,58,ITEM WISE SALE 22-23.csv
STORE-0001,Vay Incorporates,22-23,VAY BAND 30054MT,VAY BAND 30054MT,VAY BAND 30054MT,,2023-03-13,2023-03,250.0,0.0,1374.7,15.0,,,59,ITEM WISE SALE 22-23.csv
STORE-0001,Vay Incorporates,22-23,VAY BAND 30072MT,VAY BAND 30072MT,VAY BAND 30072MT,,2023-03-13,2023-03,250.0,0.0,1374.7,15.0,,,60,ITEM WISE SALE 22-23.csv
STORE-0001,Vay Incorporates,22-23,VAY BAND 30086MT,VAY BAND 30086MT,VAY BAND 30086MT,,2023-03-13,2023-03,250.0,0.0,1374.7,15.0,,,61,ITEM WISE SALE 22-23.csv
STORE-0001,Vay Incorporates,22-23,VAY BAND 30167MT,VAY BAND 30167MT,VAY BAND 30167MT,,2023-03-13,2023-03,250.0,0.0,1374.7,15.0,,,62,ITEM WISE SALE 22-23.csv
STORE-0001,Vay Incorporates,22-23,VAY BAND 30181MT,VAY BAND 30181MT,VAY BAND 30181MT,,2023-03-13,2023-03,250.0,0.0,1374.7,15.0,,,63,ITEM WISE SALE 22-23.csv
STORE-0001,Vay Incorporates,22-23,VAY BAND 30216MT,VAY BAND 30216MT,VAY BAND 30216MT,,2023-03-13,2023-03,250.0,0.0,1374.7,15.0,,,64,ITEM WISE SALE 22-23.csv
STORE-0001,Vay Incorporates,22-23,VAY BAND 5063MT,VAY BAND 5063MT,VAY BAND 5063MT,,2023-03-13,2023-03,250.0,0.0,1374.7,15.0,,,65,ITEM WISE SALE 22-23.csv
STORE-0001,Vay Incorporates,22-23,VAY BAND 5095MT,VAY BAND 5095MT,VAY BAND 5095MT,,2023-03-13,2023-03,250.0,0.0,1374.7,15.0,,,66,ITEM WISE SALE 22-23.csv
STORE-0001,Vay Incorporates,22-23,VAY BAND 5170MT,VAY BAND 5170MT,VAY BAND 5170MT,,2023-03-13,2023-03,250.0,0.0,1374.7,15.0,,,67,ITEM WISE SALE 22-23.csv
STORE-0001,Vay Incorporates,22-23,VAY BAND 5171MT,VAY BAND 5171MT,VAY BAND 5171MT,,2023-03-13,2023-03,250.0,0.0,1374.7,15.0,,,68,ITEM WISE SALE 22-23.csv
STORE-0001,Vay Incorporates,22-23,VAY BAND 5373MT,VAY BAND 5373MT,VAY BAND 5373MT,,2023-03-13,2023-03,250.0,0.0,1374.7,15.0,,,69,ITEM WISE SALE 22-23.csv
STORE-0001,Vay Incorporates,22-23,VAY BAND 5465MT,VAY BAND 5465MT,VAY BAND 5465MT,,2023-03-13,2023-03,250.0,0.0,1374.7,15.0,,,70,ITEM WISE SALE 22-23.csv
STORE-0001,Vay Incorporates,22-23,VAY BAND 5550MT,VAY BAND 5550MT,VAY BAND 5550MT,,2023-03-13,2023-03,250.0,0.0,1374.7,15.0,,,71,ITEM WISE SALE 22-23.csv
STORE-0001,Vay Incorporates,22-23,VAY BAND 30054MT,VAY BAND 30054MT,VAY BAND 30054MT,,2023-03-13,2023-03,150.0,0.0,824.82,16.0,,,72,ITEM WISE SALE 22-23.csv
STORE-0001,Vay Incorporates,22-23,VAY BAND REALWOOD LIGHT MAT,VAY BAND REALWOOD LIGHT MAT,VAY BAND REALWOOD LIGHT MAT,,2023-03-13,2023-03,150.0,0.0,824.82,16.0,,,73,ITEM WISE SALE 22-23.csv
STORE-0001,Vay Incorporates,22-23,VAY BAND REALWOOD LIGHT MAT,VAY BAND REALWOOD LIGHT MAT,VAY BAND REALWOOD LIGHT MAT,,2023-03-13,2023-03,100.0,0.0,549.88,17.0,,,74,ITEM WISE SALE 22-23.csv
STORE-0001,Vay Incorporates,22-23,VAY BAND 5465MT,VAY BAND 5465MT,VAY BAND 5465MT,,2023-03-13,2023-03,500.0,0.0,2749.98,18.0,,,75,ITEM WISE SALE 22-23.csv
STORE-0001,Vay Incorporates,22-23,VAY BAND REALWOOD LIGHT MAT,VAY BAND REALWOOD LIGHT MAT,VAY BAND REALWOOD LIGHT MAT,,2023-03-13,2023-03,500.0,0.0,2749.98,18.0,,,76,ITEM WISE SALE 22-23.csv
STORE-0001,Vay Incorporates,22-23,POLYFIX-FLX 20GM,POLYFIX-FLX 20GM,POLYFIX-FLX 20GM,,2023-03-13,2023-03,3.0,0.0,97.53,19.0,,,77,ITEM WISE SALE 22-23.csv
STORE-0001,Vay Incorporates,22-23,POLYFIX-FLX 50GM,POLYFIX-FLX 50GM,POLYFIX-FLX 50GM,,2023-03-13,2023-03,3.0,0.0,237.18,19.0,,,78,ITEM WISE SALE 22-23.csv
STORE-0001,Vay Incorporates,22-23,VAY BAND 1011MT(P-WHITE),VAY BAND 1011MT(P-WHITE),VAY BAND 1011MT(P-WHITE),,2023-03-13,2023-03,50.0,0.0,274.99,19.0,,,79,ITEM WISE SALE 22-23.csv
STORE-0001,Vay Incorporates,22-23,VAY BAND 1113MT(OFF-WHITE),VAY BAND 1113MT(OFF-WHITE),VAY BAND 1113MT(OFF-WHITE),,2023-03-13,2023-03,50.0,0.0,274.99,19.0,,,80,ITEM WISE SALE 22-23.csv
STORE-0001,Vay Incorporates,22-23,VAY BAND 30029MT,VAY BAND 30029MT,VAY BAND 30029MT,,2023-03-13,2023-03,50.0,0.0,274.99,19.0,,,81,ITEM WISE SALE 22-23.csv
STORE-0001,Vay Incorporates,22-23,VAY BAND 5095MT,VAY BAND 5095MT,VAY BAND 5095MT,,2023-03-13,2023-03,50.0,0.0,274.99,19.0,,,82,ITEM WISE SALE 22-23.csv
STORE-0001,Vay Incorporates,22-23,VAY BAND 5465MT,VAY BAND 5465MT,VAY BAND 5465MT,,2023-03-13,2023-03,50.0,0.0,274.99,19.0,,,83,ITEM WISE SALE 22-23.csv
STORE-0001,Vay Incorporates,22-23,VAY BAND REALWOOD LIGHT MAT,VAY BAND REALWOOD LIGHT MAT,VAY BAND REALWOOD LIGHT MAT,,2023-03-13,2023-03,50.0,0.0,274.99,19.0,,,84,ITEM WISE SALE 22-23.csv
STORE-0001,Vay Incorporates,22-23,WOODSEAL 20GM,WOODSEAL 20GM,WOODSEAL 20GM,,2023-03-13,2023-03,3.0,0.0,111.02,19.0,,,85,ITEM WISE SALE 22-23.csv
STORE-0001,Vay Incorporates,22-23,WOODSEAL 50GM,WOODSEAL 50GM,WOODSEAL 50GM,,2023-03-13,2023-03,3.0,0.0,264.02,19.0,,,86,ITEM WISE SALE 22-23.csv
STORE-0001,Vay Incorporates,22-23,POLYFIX-FLX 20GM,POLYFIX-FLX 20GM,POLYFIX-FLX 20GM,,2023-03-14,2023-03,25.0,0.0,812.73,20.0,,,87,ITEM WISE SALE 22-23.csv
STORE-0001,Vay Incorporates,22-23,VAY BAND REALWOOD LIGHT MAT,VAY BAND REALWOOD LIGHT MAT,VAY BAND REALWOOD LIGHT MAT,,2023-03-14,2023-03,150.0,0.0,824.99,21.0,,,88,ITEM WISE SALE 22-23.csv
STORE-0001,Vay Incorporates,22-23,POLYFIX-FLX 20GM,POLYFIX-FLX 20GM,POLYFIX-FLX 20GM,,2023-03-14,2023-03,6.0,0.0,195.06,22.0,,,89,ITEM WISE SALE 22-23.csv
STORE-0001,Vay Incorporates,22-23,POLYFIX-FLX 20GM,POLYFIX-FLX 20GM,POLYFIX-FLX 20GM,,2023-03-14,2023-03,12.0,0.0,390.1,23.0,,,90,ITEM WISE SALE 22-23.csv
STORE-0001,Vay Incorporates,22-23,WOODSEAL 20GM,WOODSEAL 20GM,WOODSEAL 20GM,,2023-03-14,2023-03,6.0,0.0,222.02,23.0,,,91,ITEM WISE SALE 22-23.csv
STORE-0001,Vay Incorporates,22-23,POLYFIX-FLX 20GM,POLYFIX-FLX 20GM,POLYFIX-FLX 20GM,,2023-03-14,2023-03,10.0,0.0,325.1,24.0,,,92,ITEM WISE SALE 22-23.csv
STORE-0001,Vay Incorporates,22-23,POLYFIX-FLX 20GM,POLYFIX-FLX 20GM,POLYFIX-FLX 20GM,,2023-03-14,2023-03,6.0,0.0,195.06,25.0,,,93,ITEM WISE SALE 22-23.csv
STORE-0001,Vay Incorporates,22-23,VAY BAND REALWOOD LIGHT MAT,VAY BAND REALWOOD LIGHT MAT,VAY BAND REALWOOD LIGHT MAT,,2023-03-16,2023-03,100.0,0.0,550.0,26.0,,,94,ITEM WISE SALE 22-23.csv
STORE-0001,Vay Incorporates,22-23,WOODSEAL 20GM,WOODSEAL 20GM,WOODSEAL 20GM,,2023-03-16,2023-03,5.0,0.0,185.02,26.0,,,95,ITEM WISE SALE 22-23.csv
STORE-0001,Vay Incorporates,22-23,VAY BAND 30086MT,VAY BAND 30086MT,VAY BAND 30086MT,,2023-03-16,2023-03,100.0,0.0,550.0,27.0,,,96,ITEM WISE SALE 22-23.csv
STORE-0001,Vay Incorporates,22-23,VAY BAND REALWOOD LIGHT MAT,VAY BAND REALWOOD LIGHT MAT,VAY BAND REALWOOD LIGHT MAT,,2023-03-16,2023-03,150.0,0.0,825.18,27.0,,,97,ITEM WISE SALE 22-23.csv
STORE-0001,Vay Incorporates,22-23,POLYFIX-FLX 20GM,POLYFIX-FLX 20GM,POLYFIX-FLX 20GM,,2023-03-16,2023-03,10.0,0.0,325.1,28.0,,,98,ITEM WISE SALE 22-23.csv
STORE-0001,Vay Incorporates,22-23,VAY BAND 1011HG(P-WHITE),VAY BAND 1011HG(P-WHITE),VAY BAND 1011HG(P-WHITE),,2023-03-16,2023-03,300.0,0.0,2701.02,29.0,,,99,ITEM WISE SALE 22-23.csv
STORE-0001,Vay Incorporates,22-23,VAY BAND 5095MT,VAY BAND 5095MT,VAY BAND 5095MT,,2023-03-16,2023-03,300.0,0.0,1650.0,29.0,,,100,ITEM WISE SALE 22-23.csv
STORE-0001,Vay Incorporates,22-23,VAY BAND REALWOOD LIGHT MAT,VAY BAND REALWOOD LIGHT MAT,VAY BAND REALWOOD LIGHT MAT,,2023-03-16,2023-03,300.0,0.0,1650.0,29.0,,,101,ITEM WISE SALE 22-23.csv
STORE-0001,Vay Incorporates,22-23,POLYFIX-FLX 50GM,POLYFIX-FLX 50GM,POLYFIX-FLX 50GM,,2023-03-16,2023-03,5.0,0.0,392.46,30.0,,,102,ITEM WISE SALE 22-23.csv
STORE-0001,Vay Incorporates,22-23,VAY BAND 5063MT,VAY BAND 5063MT,VAY BAND 5063MT,,2023-03-16,2023-03,150.0,0.0,824.99,30.0,,,103,ITEM WISE SALE 22-23.csv
STORE-0001,Vay Incorporates,22-23,VAY BAND 5373MT,VAY BAND 5373MT,VAY BAND 5373MT,,2023-03-16,2023-03,150.0,0.0,824.99,30.0,,,104,ITEM WISE SALE 22-23.csv
STORE-0001,Vay Incorporates,22-23,VAY BAND REALWOOD LIGHT MAT,VAY BAND REALWOOD LIGHT MAT,VAY BAND REALWOOD LIGHT MAT,,2023-03-16,2023-03,150.0,0.0,824.99,30.0,,,105,ITEM WISE SALE 22-23.csv
STORE-0001,Vay Incorporates,22-23,WOODSEAL 50GM,WOODSEAL 50GM,WOODSEAL 50GM,,2023-03-16,2023-03,5.0,0.0,440.02,30.0,,,106,ITEM WISE SALE 22-23.csv
STORE-0001,Vay Incorporates,22-23,VAY BAND 5550MT,VAY BAND 5550MT,VAY BAND 5550MT,,2023-03-16,2023-03,150.0,0.0,824.99,31.0,,,107,ITEM WISE SALE 22-23.csv
STORE-0001,Vay Incorporates,22-23,VAY BAND REALWOOD LIGHT MAT,VAY BAND REALWOOD LIGHT MAT,VAY BAND REALWOOD LIGHT MAT,,2023-03-16,2023-03,150.0,0.0,824.99,31.0,,,108,ITEM WISE SALE 22-23.csv
STORE-0001,Vay Incorporates,22-23,POLYFIX-FLX 20GM,POLYFIX-FLX 20GM,POLYFIX-FLX 20GM,,2023-03-17,2023-03,2.0,0.0,65.02,32.0,,,109,ITEM WISE SALE 22-23.csv
STORE-0001,Vay Incorporates,22-23,POLYFIX-FLX 50GM,POLYFIX-FLX 50GM,POLYFIX-FLX 50GM,,2023-03-17,2023-03,2.0,0.0,158.12,32.0,,,110,ITEM WISE SALE 22-23.csv
STORE-0001,Vay Incorporates,22-23,VAY BAND 5063MT,VAY BAND 5063MT,VAY BAND 5063MT,,2023-03-17,2023-03,50.0,0.0,275.06,32.0,,,111,ITEM WISE SALE 22-23.csv
STORE-0001,Vay Incorporates,22-23,VAY BAND 5095MT,VAY BAND 5095MT,VAY BAND 5095MT,,2023-03-17,2023-03,50.0,0.0,275.06,32.0,,,112,ITEM WISE SALE 22-23.csv
STORE-0001,Vay Incorporates,22-23,VAY BAND REALWOOD LIGHT MAT,VAY BAND REALWOOD LIGHT MAT,VAY BAND REALWOOD LIGHT MAT,,2023-03-17,2023-03,50.0,0.0,275.06,32.0,,,113,ITEM WISE SALE 22-23.csv
STORE-0001,Vay Incorporates,22-23,WOODSEAL 20GM,WOODSEAL 20GM,WOODSEAL 20GM,,2023-03-17,2023-03,2.0,0.0,74.0,32.0,,,114,ITEM WISE SALE 22-23.csv
STORE-0001,Vay Incorporates,22-23,WOODSEAL 50GM,WOODSEAL 50GM,WOODSEAL 50GM,,2023-03-17,2023-03,2.0,0.0,176.0,32.0,,,115,ITEM WISE SALE 22-23.csv
STORE-0001,Vay Incorporates,22-23,POLYFIX-FLX 20GM,POLYFIX-FLX 20GM,POLYFIX-FLX 20GM,,2023-03-18,2023-03,12.0,0.0,390.1,33.0,,,116,ITEM WISE SALE 22-23.csv
STORE-0001,Vay Incorporates,22-23,POLYFIX-FLX 50GM,POLYFIX-FLX 50GM,POLYFIX-FLX 50GM,,2023-03-18,2023-03,12.0,0.0,948.72,33.0,,,117,ITEM WISE SALE 22-23.csv
STORE-0001,Vay Incorporates,22-23,WOODSEAL 20GM,WOODSEAL 20GM,WOODSEAL 20GM,,2023-03-18,2023-03,12.0,0.0,444.06,33.0,,,118,ITEM WISE SALE 22-23.csv
STORE-0001,Vay Incorporates,22-23,WOODSEAL 50GM,WOODSEAL 50GM,WOODSEAL 50GM,,2023-03-18,2023-03,12.0,0.0,1056.06,33.0,,,119,ITEM WISE SALE 22-23.csv
STORE-0001,Vay Incorporates,22-23,VAY BAND REALWOOD LIGHT MAT,VAY BAND REALWOOD LIGHT MAT,VAY BAND REALWOOD LIGHT MAT,,2023-03-18,2023-03,100.0,0.0,550.0,34.0,,,120,ITEM WISE SALE 22-23.csv
STORE-0001,Vay Incorporates,22-23,VAY BAND 5465MT,VAY BAND 5465MT,VAY BAND 5465MT,,2023-03-18,2023-03,200.0,0.0,1100.0,35.0,,,121,ITEM WISE SALE 22-23.csv
STORE-0001,Vay Incorporates,22-23,VAY BAND REALWOOD LIGHT MAT,VAY BAND REALWOOD LIGHT MAT,VAY BAND REALWOOD LIGHT MAT,,2023-03-18,2023-03,50.0,0.0,275.06,35.0,,,122,ITEM WISE SALE 22-23.csv
STORE-0001,Vay Incorporates,22-23,VAY BAND 5373MT,VAY BAND 5373MT,VAY BAND 5373MT,,2023-03-18,2023-03,50.0,0.0,274.99,36.0,,,123,ITEM WISE SALE 22-23.csv
STORE-0001,Vay Incorporates,22-23,POLYFIX-FLX 20GM,POLYFIX-FLX 20GM,POLYFIX-FLX 20GM,,2023-03-18,2023-03,6.0,0.0,192.58,37.0,,,124,ITEM WISE SALE 22-23.csv
STORE-0001,Vay Incorporates,22-23,VAY BAND 5465MT,VAY BAND 5465MT,VAY BAND 5465MT,,2023-03-20,2023-03,250.0,0.0,1374.99,38.0,,,125,ITEM WISE SALE 22-23.csv
STORE-0001,Vay Incorporates,22-23,VAY BAND REALWOOD LIGHT MAT,VAY BAND REALWOOD LIGHT MAT,VAY BAND REALWOOD LIGHT MAT,,2023-03-20,2023-03,250.0,0.0,1374.99,38.0,,,126,ITEM WISE SALE 22-23.csv
STORE-0001,Vay Incorporates,22-23,VAY BAND 30029MT,VAY BAND 30029MT,VAY BAND 30029MT,,2023-03-20,2023-03,150.0,0.0,824.99,39.0,,,127,ITEM WISE SALE 22-23.csv
STORE-0001,Vay Incorporates,22-23,VAY BAND 5373MT,VAY BAND 5373MT,VAY BAND 5373MT,,2023-03-20,2023-03,150.0,0.0,824.99,39.0,,,128,ITEM WISE SALE 22-23.csv
STORE-0001,Vay Incorporates,22-23,VAY BAND 5465MT,VAY BAND 5465MT,VAY BAND 5465MT,,2023-03-20,2023-03,150.0,0.0,824.99,39.0,,,129,ITEM WISE SALE 22-23.csv
STORE-0001,Vay Incorporates,22-23,VAY BAND REALWOOD LIGHT MAT,VAY BAND REALWOOD LIGHT MAT,VAY BAND REALWOOD LIGHT MAT,,2023-03-20,2023-03,250.0,0.0,1374.99,39.0,,,130,ITEM WISE SALE 22-23.csv
STORE-0001,Vay Incorporates,22-23,VAY BAND 30029MT,VAY BAND 30029MT,VAY BAND 30029MT,,2023-03-20,2023-03,500.0,0.0,2500.01,40.0,,,131,ITEM WISE SALE 22-23.csv
STORE-0001,Vay Incorporates,22-23,VAY BAND 30034MT,VAY BAND 30034MT,VAY BAND 30034MT,,2023-03-20,2023-03,500.0,0.0,2500.01,40.0,,,132,ITEM WISE SALE 22-23.csv
STORE-0001,Vay Incorporates,22-23,VAY BAND 30054MT,VAY BAND 30054MT,VAY BAND 30054MT,,2023-03-20,2023-03,500.0,0.0,2500.01,40.0,,,133,ITEM WISE SALE 22-23.csv
STORE-0001,Vay Incorporates,22-23,VAY BAND 30181MT,VAY BAND 30181MT,VAY BAND 30181MT,,2023-03-20,2023-03,500.0,0.0,2500.01,40.0,,,134,ITEM WISE SALE 22-23.csv
STORE-0001,Vay Incorporates,22-23,VAY BAND 5465MT,VAY BAND 5465MT,VAY BAND 5465MT,,2023-03-20,2023-03,500.0,0.0,2500.01,40.0,,,135,ITEM WISE SALE 22-23.csv
STORE-0001,Vay Incorporates,22-23,VAY BAND REALWOOD LIGHT MAT,VAY BAND REALWOOD LIGHT MAT,VAY BAND REALWOOD LIGHT MAT,,2023-03-20,2023-03,500.0,0.0,2500.01,40.0,,,136,ITEM WISE SALE 22-23.csv
STORE-0001,Vay Incorporates,22-23,VAY BAND REALWOOD LIGHT MAT,VAY BAND REALWOOD LIGHT MAT,VAY BAND REALWOOD LIGHT MAT,,2023-03-21,2023-03,150.0,0.0,824.99,41.0,,,137,ITEM WISE SALE 22-23.csv
STORE-0001,Vay Incorporates,22-23,POLYFIX-FLX 20GM,POLYFIX-FLX 20GM,POLYFIX-FLX 20GM,,2023-03-21,2023-03,10.0,0.0,325.03,42.0,,,138,ITEM WISE SALE 22-23.csv
STORE-0001,Vay Incorporates,22-23,WOODSEAL 20GM,WOODSEAL 20GM,WOODSEAL 20GM,,2023-03-21,2023-03,10.0,0.0,370.04,42.0,,,139,ITEM WISE SALE 22-23.csv
STORE-0001,Vay Incorporates,22-23,WOODSEAL 50GM,WOODSEAL 50GM,WOODSEAL 50GM,,2023-03-21,2023-03,10.0,0.0,880.04,42.0,,,140,ITEM WISE SALE 22-23.csv
STORE-0001,Vay Incorporates,22-23,POLYFIX-FLX 20GM,POLYFIX-FLX 20GM,POLYFIX-FLX 20GM,,2023-03-21,2023-03,5.0,0.0,160.48,43.0,,,141,ITEM WISE SALE 22-23.csv
STORE-0001,Vay Incorporates,22-23,VAY BAND REALWOOD LIGHT MAT,VAY BAND REALWOOD LIGHT MAT,VAY BAND REALWOOD LIGHT MAT,,2023-03-21,2023-03,150.0,0.0,825.18,43.0,,,142,ITEM WISE SALE 22-23.csv
STORE-0001,Vay Incorporates,22-23,WOODSEAL 20GM,WOODSEAL 20GM,WOODSEAL 20GM,,2023-03-21,2023-03,5.0,0.0,185.02,43.0,,,143,ITEM WISE SALE 22-23.csv
STORE-0001,Vay Incorporates,22-23,POLYFIX-FLX 20GM,POLYFIX-FLX 20GM,POLYFIX-FLX 20GM,,2023-03-21,2023-03,10.0,0.0,325.1,44.0,,,144,ITEM WISE SALE 22-23.csv
STORE-0001,Vay Incorporates,22-23,WOODSEAL 20GM,WOODSEAL 20GM,WOODSEAL 20GM,,2023-03-21,2023-03,10.0,0.0,370.04,44.0,,,145,ITEM WISE SALE 22-23.csv
STORE-0001,Vay Incorporates,22-23,POLYFIX-FLX 20GM,POLYFIX-FLX 20GM,POLYFIX-FLX 20GM,,2023-03-21,2023-03,5.0,0.0,162.55,45.0,,,146,ITEM WISE SALE 22-23.csv
STORE-0001,Vay Incorporates,22-23,VAY BAND REALWOOD LIGHT MAT,VAY BAND REALWOOD LIGHT MAT,VAY BAND REALWOOD LIGHT MAT,,2023-03-21,2023-03,50.0,0.0,275.06,45.0,,,147,ITEM WISE SALE 22-23.csv
STORE-0001,Vay Incorporates,22-23,WOODSEAL 20GM,WOODSEAL 20GM,WOODSEAL 20GM,,2023-03-21,2023-03,5.0,0.0,185.02,45.0,,,148,ITEM WISE SALE 22-23.csv
STORE-0001,Vay Incorporates,22-23,VAY BAND 5171MT,VAY BAND 5171MT,VAY BAND 5171MT,,2023-03-21,2023-03,1000.0,0.0,5200.26,46.0,,,149,ITEM WISE SALE 22-23.csv
STORE-0001,Vay Incorporates,22-23,WOODSEAL 20GM,WOODSEAL 20GM,WOODSEAL 20GM,,2023-03-22,2023-03,12.0,0.0,444.06,47.0,,,150,ITEM WISE SALE 22-23.csv
STORE-0001,Vay Incorporates,22-23,WOODSEAL 50GM,WOODSEAL 50GM,WOODSEAL 50GM,,2023-03-22,2023-03,12.0,0.0,1056.06,47.0,,,151,ITEM WISE SALE 22-23.csv
STORE-0001,Vay Incorporates,22-23,VAY BAND 5373MT,VAY BAND 5373MT,VAY BAND 5373MT,,2023-03-23,2023-03,50.0,0.0,275.11,48.0,,,152,ITEM WISE SALE 22-23.csv
STORE-0001,Vay Incorporates,22-23,VAY BAND 1113MT(OFF-WHITE),VAY BAND 1113MT(OFF-WHITE),VAY BAND 1113MT(OFF-WHITE),,2023-03-23,2023-03,200.0,0.0,1100.24,49.0,,,153,ITEM WISE SALE 22-23.csv
STORE-0001,Vay Incorporates,22-23,VAY BAND 5095MT,VAY BAND 5095MT,VAY BAND 5095MT,,2023-03-24,2023-03,100.0,0.0,550.02,50.0,,,154,ITEM WISE SALE 22-23.csv
STORE-0001,Vay Incorporates,22-23,VAY BAND REALWOOD LIGHT MAT,VAY BAND REALWOOD LIGHT MAT,VAY BAND REALWOOD LIGHT MAT,,2023-03-24,2023-03,100.0,0.0,550.12,50.0,,,155,ITEM WISE SALE 22-23.csv
STORE-0001,Vay Incorporates,22-23,VAY BAND 1011MT(P-WHITE),VAY BAND 1011MT(P-WHITE),VAY BAND 1011MT(P-WHITE),,2023-03-24,2023-03,50.0,0.0,275.02,51.0,,,156,ITEM WISE SALE 22-23.csv
STORE-0001,Vay Incorporates,22-23,VAY BAND REALWOOD LIGHT MAT,VAY BAND REALWOOD LIGHT MAT,VAY BAND REALWOOD LIGHT MAT,,2023-03-24,2023-03,50.0,0.0,275.02,51.0,,,157,ITEM WISE SALE 22-23.csv
STORE-0001,Vay Incorporates,22-23,VAY BAND 30007MT,VAY BAND 30007MT,VAY BAND 30007MT,,2023-03-24,2023-03,100.0,0.0,501.5,52.0,,,158,ITEM WISE SALE 22-23.csv
STORE-0001,Vay Incorporates,22-23,VAY BAND 30029MT,VAY BAND 30029MT,VAY BAND 30029MT,,2023-03-24,2023-03,100.0,0.0,501.5,52.0,,,159,ITEM WISE SALE 22-23.csv
STORE-0001,Vay Incorporates,22-23,VAY BAND 30034MT,VAY BAND 30034MT,VAY BAND 30034MT,,2023-03-24,2023-03,100.0,0.0,501.5,52.0,,,160,ITEM WISE SALE 22-23.csv
STORE-0001,Vay Incorporates,22-23,VAY BAND 30054MT,VAY BAND 30054MT,VAY BAND 30054MT,,2023-03-24,2023-03,100.0,0.0,501.5,52.0,,,161,ITEM WISE SALE 22-23.csv
STORE-0001,Vay Incorporates,22-23,VAY BAND 30072MT,VAY BAND 30072MT,VAY BAND 30072MT,,2023-03-24,2023-03,100.0,0.0,501.5,52.0,,,162,ITEM WISE SALE 22-23.csv
STORE-0001,Vay Incorporates,22-23,VAY BAND 30086MT,VAY BAND 30086MT,VAY BAND 30086MT,,2023-03-24,2023-03,100.0,0.0,501.5,52.0,,,163,ITEM WISE SALE 22-23.csv
STORE-0001,Vay Incorporates,22-23,VAY BAND 30167MT,VAY BAND 30167MT,VAY BAND 30167MT,,2023-03-24,2023-03,100.0,0.0,501.5,52.0,,,164,ITEM WISE SALE 22-23.csv
STORE-0001,Vay Incorporates,22-23,VAY BAND 30181MT,VAY BAND 30181MT,VAY BAND 30181MT,,2023-03-24,2023-03,100.0,0.0,501.5,52.0,,,165,ITEM WISE SALE 22-23.csv
STORE-0001,Vay Incorporates,22-23,VAY BAND 30216MT,VAY BAND 30216MT,VAY BAND 30216MT,,2023-03-24,2023-03,100.0,0.0,501.5,52.0,,,166,ITEM WISE SALE 22-23.csv
STORE-0001,Vay Incorporates,22-23,VAY BAND 5063MT,VAY BAND 5063MT,VAY BAND 5063MT,,2023-03-24,2023-03,100.0,0.0,501.5,52.0,,,167,ITEM WISE SALE 22-23.csv
STORE-0001,Vay Incorporates,22-23,VAY BAND 5095MT,VAY BAND 5095MT,VAY BAND 5095MT,,2023-03-24,2023-03,100.0,0.0,501.5,52.0,,,168,ITEM WISE SALE 22-23.csv
STORE-0001,Vay Incorporates,22-23,VAY BAND 5170MT,VAY BAND 5170MT,VAY BAND 5170MT,,2023-03-24,2023-03,100.0,0.0,501.5,52.0,,,169,ITEM WISE SALE 22-23.csv
STORE-0001,Vay Incorporates,22-23,VAY BAND 5171MT,VAY BAND 5171MT,VAY BAND 5171MT,,2023-03-24,2023-03,100.0,0.0,501.5,52.0,,,170,ITEM WISE SALE 22-23.csv
STORE-0001,Vay Incorporates,22-23,VAY BAND 5373MT,VAY BAND 5373MT,VAY BAND 5373MT,,2023-03-24,2023-03,100.0,0.0,501.5,52.0,,,171,ITEM WISE SALE 22-23.csv
STORE-0001,Vay Incorporates,22-23,VAY BAND 5465MT,VAY BAND 5465MT,VAY BAND 5465MT,,2023-03-24,2023-03,100.0,0.0,501.5,52.0,,,172,ITEM WISE SALE 22-23.csv
STORE-0001,Vay Incorporates,22-23,VAY BAND 5550MT,VAY BAND 5550MT,VAY BAND 5550MT,,2023-03-24,2023-03,100.0,0.0,501.5,52.0,,,173,ITEM WISE SALE 22-23.csv
STORE-0001,Vay Incorporates,22-23,VAY BAND REALWOOD LIGHT MAT,VAY BAND REALWOOD LIGHT MAT,VAY BAND REALWOOD LIGHT MAT,,2023-03-24,2023-03,250.0,0.0,1253.74,52.0,,,174,ITEM WISE SALE 22-23.csv
STORE-0001,Vay Incorporates,22-23,VAY BAND REALWOOD LIGHT MAT,VAY BAND REALWOOD LIGHT MAT,VAY BAND REALWOOD LIGHT MAT,,2023-03-24,2023-03,1000.0,0.0,5223.86,53.0,,,175,ITEM WISE SALE 22-23.csv
STORE-0001,Vay Incorporates,22-23,VAY BAND 5171MT,VAY BAND 5171MT,VAY BAND 5171MT,,2023-03-24,2023-03,250.0,0.0,1374.7,54.0,,,176,ITEM WISE SALE 22-23.csv
STORE-0001,Vay Incorporates,22-23,VAY BAND 5465MT,VAY BAND 5465MT,VAY BAND 5465MT,,2023-03-24,2023-03,250.0,0.0,1374.7,54.0,,,177,ITEM WISE SALE 22-23.csv
STORE-0001,Vay Incorporates,22-23,VAY BAND REALWOOD LIGHT MAT,VAY BAND REALWOOD LIGHT MAT,VAY BAND REALWOOD LIGHT MAT,,2023-03-24,2023-03,500.0,0.0,2749.4,54.0,,,178,ITEM WISE SALE 22-23.csv
STORE-0001,Vay Incorporates,22-23,VAY BAND 30029MT,VAY BAND 30029MT,VAY BAND 30029MT,,2023-03-24,2023-03,250.0,0.0,1306.86,55.0,,,179,ITEM WISE SALE 22-23.csv
STORE-0001,Vay Incorporates,22-23,VAY BAND 5171MT,VAY BAND 5171MT,VAY BAND 5171MT,,2023-03-24,2023-03,250.0,0.0,1306.86,55.0,,,180,ITEM WISE SALE 22-23.csv
STORE-0001,Vay Incorporates,22-23,VAY BAND 5373MT,VAY BAND 5373MT,VAY BAND 5373MT,,2023-03-24,2023-03,250.0,0.0,1306.86,55.0,,,181,ITEM WISE SALE 22-23.csv
STORE-0001,Vay Incorporates,22-23,VAY BAND REALWOOD LIGHT MAT,VAY BAND REALWOOD LIGHT MAT,VAY BAND REALWOOD LIGHT MAT,,2023-03-24,2023-03,500.0,0.0,2613.7,55.0,,,182,ITEM WISE SALE 22-23.csv
STORE-0001,Vay Incorporates,22-23,WOODSEAL 50GM,WOODSEAL 50GM,WOODSEAL 50GM,,2023-03-27,2023-03,20.0,0.0,1760.08,56.0,,,183,ITEM WISE SALE 22-23.csv
STORE-0001,Vay Incorporates,22-23,VAY BAND 30007MT,VAY BAND 30007MT,VAY BAND 30007MT,,2023-03-27,2023-03,100.0,0.0,533.62,57.0,,,184,ITEM WISE SALE 22-23.csv
STORE-0001,Vay Incorporates,22-23,VAY BAND 30029MT,VAY BAND 30029MT,VAY BAND 30029MT,,2023-03-27,2023-03,100.0,0.0,533.62,57.0,,,185,ITEM WISE SALE 22-23.csv
STORE-0001,Vay Incorporates,22-23,VAY BAND 30054MT,VAY BAND 30054MT,VAY BAND 30054MT,,2023-03-27,2023-03,100.0,0.0,533.62,57.0,,,186,ITEM WISE SALE 22-23.csv
STORE-0001,Vay Incorporates,22-23,VAY BAND 30086MT,VAY BAND 30086MT,VAY BAND 30086MT,,2023-03-27,2023-03,100.0,0.0,533.38,57.0,,,187,ITEM WISE SALE 22-23.csv
STORE-0001,Vay Incorporates,22-23,VAY BAND 5095MT,VAY BAND 5095MT,VAY BAND 5095MT,,2023-03-27,2023-03,100.0,0.0,533.62,57.0,,,188,ITEM WISE SALE 22-23.csv
STORE-0001,Vay Incorporates,22-23,VAY BAND 5170MT,VAY BAND 5170MT,VAY BAND 5170MT,,2023-03-27,2023-03,100.0,0.0,533.62,57.0,,,189,ITEM WISE SALE 22-23.csv
STORE-0001,Vay Incorporates,22-23,VAY BAND 5171MT,VAY BAND 5171MT,VAY BAND 5171MT,,2023-03-27,2023-03,100.0,0.0,533.38,57.0,,,190,ITEM WISE SALE 22-23.csv
STORE-0001,Vay Incorporates,22-23,VAY BAND 5465MT,VAY BAND 5465MT,VAY BAND 5465MT,,2023-03-27,2023-03,100.0,0.0,533.38,57.0,,,191,ITEM WISE SALE 22-23.csv
STORE-0001,Vay Incorporates,22-23,VAY BAND REALWOOD LIGHT MAT,VAY BAND REALWOOD LIGHT MAT,VAY BAND REALWOOD LIGHT MAT,,2023-03-27,2023-03,100.0,0.0,533.38,57.0,,,192,ITEM WISE SALE 22-23.csv
STORE-0001,Vay Incorporates,22-23,VAY BAND 1011MT(P-WHITE),VAY BAND 1011MT(P-WHITE),VAY BAND 1011MT(P-WHITE),,2023-03-28,2023-03,100.0,0.0,522.38,58.0,,,193,ITEM WISE SALE 22-23.csv
STORE-0001,Vay Incorporates,22-23,VAY BAND 1113MT(OFF-WHITE),VAY BAND 1113MT(OFF-WHITE),VAY BAND 1113MT(OFF-WHITE),,2023-03-28,2023-03,500.0,0.0,2612.52,58.0,,,194,ITEM WISE SALE 22-23.csv
STORE-0001,Vay Incorporates,22-23,VAY BAND 30007MT,VAY BAND 30007MT,VAY BAND 30007MT,,2023-03-28,2023-03,100.0,0.0,522.38,58.0,,,195,ITEM WISE SALE 22-23.csv
STORE-0001,Vay Incorporates,22-23,VAY BAND 30034MT,VAY BAND 30034MT,VAY BAND 30034MT,,2023-03-28,2023-03,100.0,0.0,522.38,58.0,,,196,ITEM WISE SALE 22-23.csv
STORE-0001,Vay Incorporates,22-23,VAY BAND 30181MT,VAY BAND 30181MT,VAY BAND 30181MT,,2023-03-28,2023-03,100.0,0.0,522.38,58.0,,,197,ITEM WISE SALE 22-23.csv
STORE-0001,Vay Incorporates,22-23,VAY BAND 5063MT,VAY BAND 5063MT,VAY BAND 5063MT,,2023-03-28,2023-03,100.0,0.0,522.38,58.0,,,198,ITEM WISE SALE 22-23.csv
STORE-0001,Vay Incorporates,22-23,VAY BAND 5550MT,VAY BAND 5550MT,VAY BAND 5550MT,,2023-03-28,2023-03,100.0,0.0,522.38,58.0,,,199,ITEM WISE SALE 22-23.csv
STORE-0001,Vay Incorporates,22-23,VAY BAND REALWOOD LIGHT MAT,VAY BAND REALWOOD LIGHT MAT,VAY BAND REALWOOD LIGHT MAT,,2023-03-28,2023-03,100.0,0.0,522.38,58.0,,,200,ITEM WISE SALE 22-23.csv
STORE-0001,Vay Incorporates,22-23,VAY BAND 1011MT(P-WHITE),VAY BAND 1011MT(P-WHITE),VAY BAND 1011MT(P-WHITE),,2023-03-29,2023-03,200.0,0.0,1099.76,59.0,,,201,ITEM WISE SALE 22-23.csv
STORE-0001,Vay Incorporates,22-23,VAY BAND 1011MT(P-WHITE),VAY BAND 1011MT(P-WHITE),VAY BAND 1011MT(P-WHITE),,2023-03-29,2023-03,250.0,0.0,1305.97,60.0,,,202,ITEM WISE SALE 22-23.csv
STORE-0001,Vay Incorporates,22-23,VAY BAND 1113HG(OFF-WHITE),VAY BAND 1113HG(OFF-WHITE),VAY BAND 1113HG(OFF-WHITE),,2023-03-29,2023-03,250.0,0.0,2135.56,60.0,,,203,ITEM WISE SALE 22-23.csv
STORE-0001,Vay Incorporates,22-23,VAY BAND 1113MT(OFF-WHITE),VAY BAND 1113MT(OFF-WHITE),VAY BAND 1113MT(OFF-WHITE),,2023-03-29,2023-03,500.0,0.0,2612.04,60.0,,,204,ITEM WISE SALE 22-23.csv
STORE-0001,Vay Incorporates,22-23,VAY BAND REALWOOD LIGHT MAT,VAY BAND REALWOOD LIGHT MAT,VAY BAND REALWOOD LIGHT MAT,,2023-03-29,2023-03,250.0,0.0,1305.97,60.0,,,205,ITEM WISE SALE 22-23.csv
STORE-0001,Vay Incorporates,22-23,VAY BAND 1113MT(OFF-WHITE),VAY BAND 1113MT(OFF-WHITE),VAY BAND 1113MT(OFF-WHITE),,2023-03-29,2023-03,500.0,0.0,2611.94,61.0,,,206,ITEM WISE SALE 22-23.csv
STORE-0001,Vay Incorporates,22-23,VAY BAND REALWOOD LIGHT MAT,VAY BAND REALWOOD LIGHT MAT,VAY BAND REALWOOD LIGHT MAT,,2023-03-29,2023-03,500.0,0.0,2611.94,61.0,,,207,ITEM WISE SALE 22-23.csv
STORE-0001,Vay Incorporates,22-23,VAY BAND 1113MT(OFF-WHITE),VAY BAND 1113MT(OFF-WHITE),VAY BAND 1113MT(OFF-WHITE),,2023-03-29,2023-03,500.0,0.0,2578.3,62.0,,,208,ITEM WISE SALE 22-23.csv
STORE-0001,Vay Incorporates,22-23,VAY BAND 30007MT,VAY BAND 30007MT,VAY BAND 30007MT,,2023-03-29,2023-03,250.0,0.0,1289.14,62.0,,,209,ITEM WISE SALE 22-23.csv
STORE-0001,Vay Incorporates,22-23,VAY BAND 30072MT,VAY BAND 30072MT,VAY BAND 30072MT,,2023-03-29,2023-03,250.0,0.0,1289.14,62.0,,,210,ITEM WISE SALE 22-23.csv
STORE-0001,Vay Incorporates,22-23,VAY BAND 30086MT,VAY BAND 30086MT,VAY BAND 30086MT,,2023-03-29,2023-03,250.0,0.0,1289.14,62.0,,,211,ITEM WISE SALE 22-23.csv
STORE-0001,Vay Incorporates,22-23,VAY BAND 30167MT,VAY BAND 30167MT,VAY BAND 30167MT,,2023-03-29,2023-03,250.0,0.0,1289.14,62.0,,,212,ITEM WISE SALE 22-23.csv
STORE-0001,Vay Incorporates,22-23,VAY BAND 30181MT,VAY BAND 30181MT,VAY BAND 30181MT,,2023-03-29,2023-03,250.0,0.0,1289.14,62.0,,,213,ITEM WISE SALE 22-23.csv
STORE-0001,Vay Incorporates,22-23,VAY BAND 5095MT,VAY BAND 5095MT,VAY BAND 5095MT,,2023-03-29,2023-03,100.0,0.0,515.66,62.0,,,214,ITEM WISE SALE 22-23.csv
STORE-0001,Vay Incorporates,22-23,VAY BAND 5170MT,VAY BAND 5170MT,VAY BAND 5170MT,,2023-03-29,2023-03,250.0,0.0,1289.14,62.0,,,215,ITEM WISE SALE 22-23.csv
STORE-0001,Vay Incorporates,22-23,VAY BAND 5171MT,VAY BAND 5171MT,VAY BAND 5171MT,,2023-03-29,2023-03,400.0,0.0,2062.64,62.0,,,216,ITEM WISE SALE 22-23.csv
STORE-0001,Vay Incorporates,22-23,VAY BAND 5373MT,VAY BAND 5373MT,VAY BAND 5373MT,,2023-03-29,2023-03,250.0,0.0,1289.14,62.0,,,217,ITEM WISE SALE 22-23.csv
STORE-0001,Vay Incorporates,22-23,VAY BAND 5465MT,VAY BAND 5465MT,VAY BAND 5465MT,,2023-03-29,2023-03,250.0,0.0,1289.14,62.0,,,218,ITEM WISE SALE 22-23.csv
STORE-0001,Vay Incorporates,22-23,VAY BAND REALWOOD LIGHT MAT,VAY BAND REALWOOD LIGHT MAT,VAY BAND REALWOOD LIGHT MAT,,2023-03-29,2023-03,250.0,0.0,1289.14,62.0,,,219,ITEM WISE SALE 22-23.csv
STORE-0001,Vay Incorporates,22-23,WOODSEAL 20GM,WOODSEAL 20GM,WOODSEAL 20GM,,2023-03-30,2023-03,10.0,0.0,370.04,63.0,,,220,ITEM WISE SALE 22-23.csv
STORE-0001,Vay Incorporates,22-23,WOODSEAL 50GM,WOODSEAL 50GM,WOODSEAL 50GM,,2023-03-30,2023-03,10.0,0.0,880.04,63.0,,,221,ITEM WISE SALE 22-23.csv
STORE-0001,Vay Incorporates,22-23,POLYFIX-FLX 20GM,POLYFIX-FLX 20GM,POLYFIX-FLX 20GM,,2023-03-30,2023-03,5.0,0.0,160.48,64.0,,,222,ITEM WISE SALE 22-23.csv
STORE-0001,Vay Incorporates,22-23,POLYFIX-FLX 50GM,POLYFIX-FLX 50GM,POLYFIX-FLX 50GM,,2023-03-30,2023-03,5.0,0.0,392.46,64.0,,,223,ITEM WISE SALE 22-23.csv
STORE-0001,Vay Incorporates,22-23,WOODSEAL 20GM,WOODSEAL 20GM,WOODSEAL 20GM,,2023-03-30,2023-03,5.0,0.0,185.02,64.0,,,224,ITEM WISE SALE 22-23.csv
STORE-0001,Vay Incorporates,22-23,WOODSEAL 50GM,WOODSEAL 50GM,WOODSEAL 50GM,,2023-03-30,2023-03,5.0,0.0,440.02,64.0,,,225,ITEM WISE SALE 22-23.csv
STORE-0001,Vay Incorporates,22-23,POLYFIX-FLX 20GM,POLYFIX-FLX 20GM,POLYFIX-FLX 20GM,,2023-03-30,2023-03,10.0,0.0,320.96,65.0,,,226,ITEM WISE SALE 22-23.csv
STORE-0001,Vay Incorporates,22-23,POLYFIX-FLX 50GM,POLYFIX-FLX 50GM,POLYFIX-FLX 50GM,,2023-03-30,2023-03,10.0,0.0,784.94,65.0,,,227,ITEM WISE SALE 22-23.csv
STORE-0001,Vay Incorporates,22-23,WOODSEAL 20GM,WOODSEAL 20GM,WOODSEAL 20GM,,2023-03-30,2023-03,10.0,0.0,370.04,65.0,,,228,ITEM WISE SALE 22-23.csv
STORE-0001,Vay Incorporates,22-23,WOODSEAL 50GM,WOODSEAL 50GM,WOODSEAL 50GM,,2023-03-30,2023-03,10.0,0.0,880.04,65.0,,,229,ITEM WISE SALE 22-23.csv
STORE-0001,Vay Incorporates,22-23,POLYFIX-FLX 20GM,POLYFIX-FLX 20GM,POLYFIX-FLX 20GM,,2023-03-30,2023-03,12.0,0.0,390.1,66.0,,,230,ITEM WISE SALE 22-23.csv
STORE-0001,Vay Incorporates,22-23,WOODSEAL 20GM,WOODSEAL 20GM,WOODSEAL 20GM,,2023-03-30,2023-03,20.0,0.0,740.1,67.0,,,231,ITEM WISE SALE 22-23.csv
STORE-0001,Vay Incorporates,22-23,VAY BAND REALWOOD LIGHT MAT,VAY BAND REALWOOD LIGHT MAT,VAY BAND REALWOOD LIGHT MAT,,2023-03-30,2023-03,50.0,0.0,275.02,68.0,,,232,ITEM WISE SALE 22-23.csv
STORE-0001,Vay Incorporates,22-23,VAY BAND 1515 VENGA MT,VAY BAND 1515 VENGA MT,VAY BAND 1515 VENGA MT,,2023-03-30,2023-03,50.0,0.0,275.02,69.0,,,233,ITEM WISE SALE 22-23.csv
STORE-0001,Vay Incorporates,22-23,POLYFIX-FLX 20GM,POLYFIX-FLX 20GM,POLYFIX-FLX 20GM,,2023-03-30,2023-03,5.0,0.0,160.48,70.0,,,234,ITEM WISE SALE 22-23.csv
STORE-0001,Vay Incorporates,22-23,POLYFIX-FLX 50GM,POLYFIX-FLX 50GM,POLYFIX-FLX 50GM,,2023-03-30,2023-03,5.0,0.0,392.46,70.0,,,235,ITEM WISE SALE 22-23.csv
STORE-0001,Vay Incorporates,22-23,WOODSEAL 20GM,WOODSEAL 20GM,WOODSEAL 20GM,,2023-03-30,2023-03,5.0,0.0,185.02,70.0,,,236,ITEM WISE SALE 22-23.csv
STORE-0001,Vay Incorporates,22-23,WOODSEAL 50GM,WOODSEAL 50GM,WOODSEAL 50GM,,2023-03-30,2023-03,5.0,0.0,440.02,70.0,,,237,ITEM WISE SALE 22-23.csv
